<?xml version="1.0" encoding="UTF-8"?>
<project-private xmlns="http://www.netbeans.org/ns/project-private/1">
    <editor-bookmarks xmlns="http://www.netbeans.org/ns/editor-bookmarks/2" lastBookmarkId="0"/>
    <open-files xmlns="http://www.netbeans.org/ns/projectui-open-files/2">
        <group>
            <file>file:/C:/Users/PC/Documents/NetBeansProjects/LAB231/J3.L.P0011.Blogging%20about%20my%20life/web/About%20Me.jsp</file>
            <file>file:/C:/Users/PC/Documents/NetBeansProjects/LAB231/J3.L.P0011.Blogging%20about%20my%20life/web/viewDetail.jsp</file>
            <file>file:/C:/Users/PC/Documents/NetBeansProjects/LAB231/J3.L.P0011.Blogging%20about%20my%20life/src/java/model/blog.java</file>
            <file>file:/C:/Users/PC/Documents/NetBeansProjects/LAB231/J3.L.P0011.Blogging%20about%20my%20life/web/overView.jsp</file>
            <file>file:/C:/Users/PC/Documents/NetBeansProjects/LAB231/J3.L.P0011.Blogging%20about%20my%20life/web/home.jsp</file>
        </group>
    </open-files>
</project-private>
