<?xml version="1.0" encoding="UTF-8"?>
<project-private xmlns="http://www.netbeans.org/ns/project-private/1">
    <editor-bookmarks xmlns="http://www.netbeans.org/ns/editor-bookmarks/2" lastBookmarkId="0"/>
    <open-files xmlns="http://www.netbeans.org/ns/projectui-open-files/2">
        <group>
            <file>file:/C:/Users/PC/Documents/NetBeansProjects/LAB231/J3.L.P0021.Maria%20and%20Paul's%20Wedding/web/Guestbook.jsp</file>
            <file>file:/C:/Users/PC/Documents/NetBeansProjects/LAB231/J3.L.P0021.Maria%20and%20Paul's%20Wedding/src/java/Controller/GuestBookAction.java</file>
            <file>file:/C:/Users/PC/Documents/NetBeansProjects/LAB231/J3.L.P0021.Maria%20and%20Paul's%20Wedding/web/WeddingBlog.jsp</file>
            <file>file:/C:/Users/PC/Documents/NetBeansProjects/LAB231/J3.L.P0021.Maria%20and%20Paul's%20Wedding/src/java/Controller/WishListAction.java</file>
            <file>file:/C:/Users/PC/Documents/NetBeansProjects/LAB231/J3.L.P0021.Maria%20and%20Paul's%20Wedding/web/Wishlist.jsp</file>
            <file>file:/C:/Users/PC/Documents/NetBeansProjects/LAB231/J3.L.P0021.Maria%20and%20Paul's%20Wedding/web/PhotoAlbum.jsp</file>
            <file>file:/C:/Users/PC/Documents/NetBeansProjects/LAB231/J3.L.P0021.Maria%20and%20Paul's%20Wedding/web/PartyAddress.jsp</file>
            <file>file:/C:/Users/PC/Documents/NetBeansProjects/LAB231/J3.L.P0021.Maria%20and%20Paul's%20Wedding/src/java/struts.xml</file>
        </group>
    </open-files>
</project-private>
